timestamp,plate,yolo_conf,ocr_conf,frame_idx
2025-11-23 21:13:40,UKO6BN3L96,0.862,0.812,1
2025-11-23 21:13:40,UKO6BN3L96,0.839,0.670,2
2025-11-23 21:13:40,UKO6BN3L96,0.839,0.610,3
2025-11-23 21:13:40,UKO6BN3L96,0.852,0.738,4
2025-11-23 21:13:40,UKO6BN3L96,0.861,0.831,5
2025-11-23 21:13:40,UKO6BN3L96,0.861,0.787,6
2025-11-23 21:13:41,UKO6BN3L96,0.866,0.598,7
2025-11-23 21:13:41,UKO6BN3L96,0.860,0.635,8
2025-11-23 21:13:41,UKO6BN3L96,0.864,0.697,9
2025-11-23 21:13:41,UKO6BN3L96,0.850,0.567,10
2025-11-23 21:13:41,UKO6BN3L96,0.836,0.679,11
2025-11-23 21:13:41,UKO6BN3L96,0.850,0.515,12
2025-11-23 21:13:41,UKO6BN3L96,0.849,0.714,13
2025-11-23 21:13:41,UKO6BN3L96,0.840,0.791,14
2025-11-23 21:13:42,UKOGBN3L96,0.842,0.619,15
2025-11-23 21:13:42,UKO6BN3L96,0.848,0.592,18
2025-11-23 21:13:42,UKO6BN3L96,0.859,0.696,19
2025-11-23 21:13:42,UKO6BN3L96,0.860,0.531,21
2025-11-23 21:13:42,UKO6BN3L96,0.856,0.719,22
2025-11-23 21:13:43,UKO6BN3L96,0.863,0.511,24
2025-11-23 21:13:43,UKO6BN3L96,0.852,0.776,26
2025-11-23 21:13:43,UKO6BN3L96,0.838,0.795,27
2025-11-23 21:13:43,UKO6BN3L96,0.840,0.588,28
2025-11-23 21:13:43,UKO6BN3L96,0.843,0.593,29
2025-11-23 21:13:43,UKO6BN3L96,0.846,0.531,30
2025-11-23 21:13:44,UKO6BN3L96,0.843,0.826,31
2025-11-23 21:13:44,UKO6BN3L96,0.837,0.852,32
2025-11-23 21:13:44,UKO6BN3L96,0.853,0.596,33
2025-11-23 21:13:44,UKO6BN3L96,0.861,0.781,34
2025-11-23 21:13:44,UKOGBN3L96,0.847,0.681,35
2025-11-23 21:13:44,UKO6BN3L96,0.852,0.848,36
2025-11-23 21:13:45,UKO6BN3L96,0.838,0.848,37
2025-11-23 21:13:45,UKO6BN3L96,0.845,0.640,39
2025-11-23 21:13:45,UKO6BH3L96,0.845,0.586,40
2025-11-23 21:13:45,UKO6BN3L96,0.838,0.716,41
2025-11-23 21:13:45,UKO6BN3L96,0.816,0.588,42
2025-11-23 21:13:45,UKO6BN3L96,0.816,0.560,43
2025-11-23 21:13:45,UKOGBN3L96,0.831,0.572,44
2025-11-23 21:13:46,UKO6BH3L96,0.828,0.665,45
2025-11-23 21:13:46,UKO6BH3L96,0.830,0.623,46
2025-11-23 21:13:46,UKO6BN3L96,0.827,0.667,47
2025-11-23 21:13:46,UKO6BN3L96,0.839,0.510,48
2025-11-23 21:13:46,UKO6BN3L96,0.831,0.593,49
2025-11-23 21:13:46,UKO6BH3L96,0.842,0.536,50
2025-11-23 21:13:46,UKO6BH3L96,0.852,0.718,51
2025-11-23 21:13:47,UKO6BN3L96,0.859,0.611,53
2025-11-23 21:13:47,UKO6BH3L96,0.862,0.631,54
2025-11-23 21:13:47,UKO6BM3L96,0.859,0.650,55
2025-11-23 21:13:47,UKO6BN3L96,0.855,0.571,57
2025-11-23 21:13:47,UKO6BH3L96,0.852,0.671,58
2025-11-23 21:13:48,UKOGBN3L96,0.838,0.546,59
2025-11-23 21:13:48,UKO6BN3L96,0.854,0.654,61
2025-11-23 21:13:49,UKO6BN3L96,0.846,0.550,66
2025-11-23 21:13:49,UKOGBN3L96,0.862,0.791,71
2025-11-23 21:13:49,UKOGBN3L96,0.857,0.505,72
2025-11-23 21:13:50,UKOGBN3L96,0.874,0.572,75
2025-11-23 21:13:50,UKO6BN3L96,0.875,0.508,76
2025-11-23 21:13:50,UKO6BN3L96,0.872,0.646,77
2025-11-23 21:13:50,UKO6BN3L96,0.874,0.580,78
2025-11-23 21:13:51,UKO6BN3L96,0.868,0.765,79
2025-11-23 21:13:51,UKOGBN3L96,0.847,0.647,80
2025-11-23 21:13:51,UKO6BN3L96,0.840,0.669,81
2025-11-23 21:13:51,UKO6BN3L96,0.840,0.673,82
2025-11-23 21:13:51,~UKO6BN3L96],0.836,0.510,83
2025-11-23 21:13:51,UKOGBN3L96,0.832,0.677,85
2025-11-23 21:13:52,UKO6BN3L96,0.844,0.797,86
2025-11-23 21:13:52,UKOGBN3L96,0.855,0.531,87
2025-11-23 21:13:52,UKOGBN3L96,0.850,0.565,88
2025-11-23 21:13:52,UKO6BN3L96,0.839,0.623,89
2025-11-23 21:13:52,UKO6BN3L96,0.822,0.626,90
2025-11-23 21:13:52,UKOGBN3L96,0.828,0.581,92
2025-11-23 21:13:52,UKO6BN3L96,0.816,0.610,93
2025-11-23 21:13:53,UKO6BN3L96,0.812,0.696,94
2025-11-23 21:13:53,UKO6BN3L96,0.801,0.853,95
2025-11-23 21:13:53,UKO6BN3L96,0.811,0.897,96
2025-11-23 21:13:53,UKO6BN3L96,0.787,0.707,97
2025-11-23 21:13:53,UKOGBN3L96,0.795,0.616,98
2025-11-23 21:13:53,UKO6BN3L96,0.806,0.580,99
2025-11-23 21:13:53,UKO6BH3L96,0.821,0.537,100
2025-11-23 21:13:53,UKO6BN3L96,0.803,0.645,101
2025-11-23 21:13:53,UKO6BN3L96,0.832,0.602,102
2025-11-23 21:13:54,UKO6BN3L96,0.841,0.845,103
2025-11-23 21:13:54,UKO6BN3L96,0.856,0.687,104
2025-11-23 21:13:54,UKO6BN3L96,0.816,0.876,107
2025-11-23 21:13:54,UKO6BN3L96,0.827,0.824,108
2025-11-23 21:13:54,UKO6BN3496,0.827,0.559,109
2025-11-23 21:13:54,UKO6BN3L96,0.850,0.787,110
2025-11-23 21:13:55,UKO6BN3L96,0.853,0.689,111
2025-11-23 21:13:55,UKO6BN3L96,0.860,0.510,112
2025-11-23 21:13:55,UKOGBN3L96],0.877,0.683,115
2025-11-23 21:13:55,UKO6BN3L96,0.880,0.774,116
2025-11-23 21:13:55,UKO6BN3L96,0.873,0.768,117
2025-11-23 21:13:55,UKOSBN3L96,0.883,0.502,118
2025-11-23 21:13:55,UKO6BN3L96,0.875,0.807,119
2025-11-23 21:13:56,UKO6BN3L96,0.873,0.501,120
2025-11-23 21:13:56,UKO6BN3496,0.854,0.560,121
2025-11-23 21:13:56,UKO6BN3L96,0.846,0.696,122
2025-11-23 21:13:56,UKO6BN3L96,0.860,0.555,123
2025-11-23 21:13:56,UKO6BN3L96,0.866,0.650,124
2025-11-23 21:13:56,UKO6BN3L96,0.875,0.762,125
2025-11-23 21:13:56,UKO6BN3L96,0.876,0.613,126
2025-11-23 21:13:56,UKO6BN3L96,0.882,0.792,127
2025-11-23 21:13:57,UKO6BN3L96,0.881,0.647,128
2025-11-23 21:13:57,UKO6BN3L96,0.867,0.567,129
2025-11-23 21:13:57,UKO6BN3L96,0.869,0.564,130
2025-11-23 21:13:57,UKO6BN3L96,0.887,0.686,132
2025-11-23 21:13:58,UKO6BN3L96,0.861,0.767,138
2025-11-23 21:13:58,UKOGBN3L96,0.855,0.757,140
2025-11-23 21:13:58,UKOGBN3L96,0.889,0.565,141
2025-11-23 21:13:59,UKO6BN3L96,0.916,0.626,145
2025-11-23 21:13:59,UKOGBN3L96,0.899,0.557,146
2025-11-23 21:13:59,UKO6BN3L96,0.901,0.514,147
2025-11-23 21:13:59,UKO6BN3L96,0.896,0.560,148
2025-11-23 21:13:59,UKO6BN3L96,0.918,0.646,149
2025-11-23 21:13:59,UKO6BN3L96,0.900,0.846,150
2025-11-23 21:13:59,UKO6BN3L96,0.900,0.663,151
2025-11-23 21:13:59,UKO6BN3496,0.891,0.719,152
2025-11-23 21:14:00,UKO6BN3L96,0.902,0.602,154
2025-11-23 21:14:00,UKO6BN3L96,0.908,0.877,157
2025-11-23 21:17:12,UKO6BN3L96,0.862,0.812,1
2025-11-23 21:17:12,UKO6BN3L96,0.839,0.670,2
2025-11-23 21:17:12,UKO6BN3L96,0.839,0.610,3
2025-11-23 21:17:12,UKO6BN3L96,0.852,0.738,4
2025-11-23 21:17:13,UKO6BN3L96,0.861,0.831,5
2025-11-23 21:17:13,UKO6BN3L96,0.861,0.787,6
2025-11-23 21:17:13,UKO6BN3L96,0.866,0.598,7
2025-11-23 21:17:13,UKO6BN3L96,0.860,0.635,8
2025-11-23 21:17:13,UKO6BN3L96,0.864,0.697,9
2025-11-23 21:17:14,UKO6BN3L96,0.850,0.567,10
2025-11-23 21:17:14,UKO6BN3L96,0.836,0.679,11
2025-11-23 21:17:14,UKO6BN3L96,0.850,0.515,12
2025-11-23 21:17:14,UKO6BN3L96,0.849,0.714,13
2025-11-23 21:17:14,UKO6BN3L96,0.840,0.791,14
2025-11-23 21:17:15,UKOGBN3L96,0.842,0.619,15
2025-11-23 21:17:15,UKO6BN3L96,0.848,0.592,18
2025-11-23 21:17:15,UKO6BN3L96,0.859,0.696,19
2025-11-23 21:17:15,UKO6BN3L96,0.860,0.531,21
2025-11-23 21:17:16,UKO6BN3L96,0.856,0.719,22
2025-11-23 21:17:16,UKO6BN3L96,0.863,0.511,24
2025-11-23 21:17:16,UKO6BN3L96,0.852,0.776,26
2025-11-23 21:17:16,UKO6BN3L96,0.838,0.795,27
2025-11-23 21:17:16,UKO6BN3L96,0.840,0.588,28
2025-11-23 21:17:16,UKO6BN3L96,0.843,0.593,29
2025-11-23 21:17:16,UKO6BN3L96,0.846,0.531,30
2025-11-23 21:17:17,UKO6BN3L96,0.843,0.826,31
2025-11-23 21:17:17,UKO6BN3L96,0.837,0.852,32
2025-11-23 21:17:17,UKO6BN3L96,0.853,0.596,33
2025-11-23 21:17:17,UKO6BN3L96,0.861,0.781,34
2025-11-23 21:17:17,UKOGBN3L96,0.847,0.681,35
2025-11-23 21:17:17,UKO6BN3L96,0.852,0.848,36
2025-11-23 21:17:17,UKO6BN3L96,0.838,0.848,37
2025-11-23 21:17:18,UKO6BN3L96,0.845,0.640,39
2025-11-23 21:17:18,UKO6BH3L96,0.845,0.586,40
2025-11-23 21:17:18,UKO6BN3L96,0.838,0.716,41
2025-11-23 21:17:18,UKO6BN3L96,0.816,0.588,42
2025-11-23 21:17:18,UKO6BN3L96,0.816,0.560,43
2025-11-23 21:17:18,UKOGBN3L96,0.831,0.572,44
2025-11-23 21:17:18,UKO6BH3L96,0.828,0.665,45
2025-11-23 21:17:18,UKO6BH3L96,0.830,0.623,46
2025-11-23 21:17:19,UKO6BN3L96,0.827,0.667,47
2025-11-23 21:17:19,UKO6BN3L96,0.839,0.510,48
2025-11-23 21:17:19,UKO6BN3L96,0.831,0.593,49
2025-11-23 21:17:19,UKO6BH3L96,0.842,0.536,50
2025-11-23 21:17:19,UKO6BH3L96,0.852,0.718,51
2025-11-23 21:17:19,UKO6BN3L96,0.859,0.611,53
2025-11-23 21:17:19,UKO6BH3L96,0.862,0.631,54
2025-11-23 21:17:19,UKO6BM3L96,0.859,0.650,55
2025-11-23 21:17:20,UKO6BN3L96,0.855,0.571,57
2025-11-23 21:17:20,UKO6BH3L96,0.852,0.671,58
2025-11-23 21:17:20,UKOGBN3L96,0.838,0.546,59
2025-11-23 21:17:20,UKO6BN3L96,0.854,0.654,61
2025-11-23 21:17:21,UKO6BN3L96,0.846,0.550,66
2025-11-23 21:17:21,UKOGBN3L96,0.862,0.791,71
2025-11-23 21:17:21,UKOGBN3L96,0.857,0.505,72
2025-11-23 21:17:22,UKOGBN3L96,0.874,0.572,75
2025-11-23 21:17:22,UKO6BN3L96,0.875,0.508,76
2025-11-23 21:17:22,UKO6BN3L96,0.872,0.646,77
2025-11-23 21:17:22,UKO6BN3L96,0.874,0.580,78
2025-11-23 21:17:22,UKO6BN3L96,0.868,0.765,79
2025-11-23 21:17:22,UKOGBN3L96,0.847,0.647,80
2025-11-23 21:17:22,UKO6BN3L96,0.840,0.669,81
2025-11-23 21:17:22,UKO6BN3L96,0.840,0.673,82
2025-11-23 21:17:23,~UKO6BN3L96],0.836,0.510,83
2025-11-23 21:17:23,UKOGBN3L96,0.832,0.677,85
2025-11-23 21:17:23,UKO6BN3L96,0.844,0.797,86
2025-11-23 21:17:23,UKOGBN3L96,0.855,0.531,87
2025-11-23 21:17:23,UKOGBN3L96,0.850,0.565,88
2025-11-23 21:17:23,UKO6BN3L96,0.839,0.623,89
2025-11-23 21:17:23,UKO6BN3L96,0.822,0.626,90
2025-11-23 21:17:24,UKOGBN3L96,0.828,0.581,92
2025-11-23 21:17:24,UKO6BN3L96,0.816,0.610,93
2025-11-23 21:17:24,UKO6BN3L96,0.812,0.696,94
2025-11-23 21:17:24,UKO6BN3L96,0.801,0.853,95
2025-11-23 21:17:24,UKO6BN3L96,0.811,0.897,96
2025-11-23 21:17:24,UKO6BN3L96,0.787,0.707,97
2025-11-23 21:17:24,UKOGBN3L96,0.795,0.616,98
2025-11-23 21:17:24,UKO6BN3L96,0.806,0.580,99
2025-11-23 21:17:24,UKO6BH3L96,0.821,0.537,100
2025-11-23 21:17:25,UKO6BN3L96,0.803,0.645,101
2025-11-23 21:17:25,UKO6BN3L96,0.832,0.602,102
2025-11-23 21:17:25,UKO6BN3L96,0.841,0.845,103
2025-11-23 21:17:25,UKO6BN3L96,0.856,0.687,104
2025-11-23 21:17:25,UKO6BN3L96,0.816,0.876,107
2025-11-23 21:17:25,UKO6BN3L96,0.827,0.824,108
2025-11-23 21:17:25,UKO6BN3496,0.827,0.559,109
2025-11-23 21:17:25,UKO6BN3L96,0.850,0.787,110
2025-11-23 21:17:26,UKO6BN3L96,0.853,0.689,111
2025-11-23 21:17:26,UKO6BN3L96,0.860,0.510,112
2025-11-23 21:17:26,UKOGBN3L96],0.877,0.683,115
2025-11-23 21:17:26,UKO6BN3L96,0.880,0.774,116
2025-11-23 21:17:26,UKO6BN3L96,0.873,0.768,117
2025-11-23 21:17:26,UKOSBN3L96,0.883,0.502,118
2025-11-23 21:17:27,UKO6BN3L96,0.875,0.807,119
2025-11-23 21:17:27,UKO6BN3L96,0.873,0.501,120
2025-11-23 21:17:27,UKO6BN3496,0.854,0.560,121
2025-11-23 21:17:27,UKO6BN3L96,0.846,0.696,122
2025-11-23 21:17:27,UKO6BN3L96,0.860,0.555,123
2025-11-23 21:17:27,UKO6BN3L96,0.866,0.650,124
2025-11-23 21:17:27,UKO6BN3L96,0.875,0.762,125
2025-11-23 21:17:28,UKO6BN3L96,0.876,0.613,126
2025-11-23 21:17:28,UKO6BN3L96,0.882,0.792,127
2025-11-23 21:17:28,UKO6BN3L96,0.881,0.647,128
2025-11-23 21:17:28,UKO6BN3L96,0.867,0.567,129
2025-11-23 21:17:28,UKO6BN3L96,0.869,0.564,130
2025-11-23 21:17:28,UKO6BN3L96,0.887,0.686,132
2025-11-23 21:17:29,UKO6BN3L96,0.861,0.767,138
2025-11-23 21:17:29,UKOGBN3L96,0.855,0.757,140
2025-11-23 21:17:29,UKOGBN3L96,0.889,0.565,141
2025-11-23 21:17:30,UKO6BN3L96,0.916,0.626,145
2025-11-23 21:17:30,UKOGBN3L96,0.899,0.557,146
2025-11-23 21:17:30,UKO6BN3L96,0.901,0.514,147
2025-11-23 21:17:30,UKO6BN3L96,0.896,0.560,148
2025-11-23 21:17:31,UKO6BN3L96,0.918,0.646,149
2025-11-23 21:17:31,UKO6BN3L96,0.900,0.846,150
2025-11-23 21:17:31,UKO6BN3L96,0.900,0.663,151
2025-11-23 21:17:31,UKO6BN3496,0.891,0.719,152
2025-11-23 21:17:31,UKO6BN3L96,0.902,0.602,154
2025-11-23 21:17:31,UKO6BN3L96,0.908,0.877,157
2025-11-23 21:17:51,UKO6BN3L96,0.862,0.812,1
2025-11-23 21:17:51,UKO6BN3L96,0.839,0.670,2
2025-11-23 21:17:52,UKO6BN3L96,0.839,0.610,3
2025-11-23 21:17:52,UKO6BN3L96,0.852,0.738,4
2025-11-23 21:17:52,UKO6BN3L96,0.861,0.831,5
2025-11-23 21:17:52,UKO6BN3L96,0.861,0.787,6
2025-11-23 21:17:52,UKO6BN3L96,0.866,0.598,7
2025-11-23 21:17:52,UKO6BN3L96,0.860,0.635,8
2025-11-23 21:17:53,UKO6BN3L96,0.864,0.697,9
2025-11-23 21:17:53,UKO6BN3L96,0.850,0.567,10
2025-11-23 21:17:53,UKO6BN3L96,0.836,0.679,11
2025-11-23 21:17:53,UKO6BN3L96,0.850,0.515,12
2025-11-23 21:17:53,UKO6BN3L96,0.849,0.714,13
2025-11-23 21:17:53,UKO6BN3L96,0.840,0.791,14
2025-11-23 21:17:53,UKOGBN3L96,0.842,0.619,15
2025-11-23 21:17:54,UKO6BN3L96,0.848,0.592,18
2025-11-23 21:17:54,UKO6BN3L96,0.859,0.696,19
2025-11-23 21:17:54,UKO6BN3L96,0.860,0.531,21
2025-11-23 21:17:54,UKO6BN3L96,0.856,0.719,22
2025-11-23 21:17:54,UKO6BN3L96,0.863,0.511,24
2025-11-23 21:17:55,UKO6BN3L96,0.852,0.776,26
2025-11-23 21:17:55,UKO6BN3L96,0.838,0.795,27
2025-11-23 21:17:55,UKO6BN3L96,0.840,0.588,28
2025-11-23 21:17:55,UKO6BN3L96,0.843,0.593,29
2025-11-23 21:17:55,UKO6BN3L96,0.846,0.531,30
2025-11-23 21:17:55,UKO6BN3L96,0.843,0.826,31
2025-11-23 21:17:55,UKO6BN3L96,0.837,0.852,32
2025-11-23 21:17:55,UKO6BN3L96,0.853,0.596,33
2025-11-23 21:17:56,UKO6BN3L96,0.861,0.781,34
2025-11-23 21:17:56,UKOGBN3L96,0.847,0.681,35
2025-11-23 21:17:56,UKO6BN3L96,0.852,0.848,36
2025-11-23 21:17:56,UKO6BN3L96,0.838,0.848,37
2025-11-23 21:17:56,UKO6BN3L96,0.845,0.640,39
2025-11-23 21:17:56,UKO6BH3L96,0.845,0.586,40
2025-11-23 21:17:56,UKO6BN3L96,0.838,0.716,41
2025-11-23 21:17:57,UKO6BN3L96,0.816,0.588,42
2025-11-23 21:17:57,UKO6BN3L96,0.816,0.560,43
2025-11-23 21:17:57,UKOGBN3L96,0.831,0.572,44
2025-11-23 21:17:57,UKO6BH3L96,0.828,0.665,45
2025-11-23 21:17:57,UKO6BH3L96,0.830,0.623,46
2025-11-23 21:17:57,UKO6BN3L96,0.827,0.667,47
2025-11-23 21:17:57,UKO6BN3L96,0.839,0.510,48
2025-11-23 21:17:57,UKO6BN3L96,0.831,0.593,49
2025-11-23 21:17:58,UKO6BH3L96,0.842,0.536,50
2025-11-23 21:17:58,UKO6BH3L96,0.852,0.718,51
2025-11-23 21:17:58,UKO6BN3L96,0.859,0.611,53
2025-11-23 21:17:58,UKO6BH3L96,0.862,0.631,54
2025-11-23 21:17:58,UKO6BM3L96,0.859,0.650,55
2025-11-23 21:17:58,UKO6BN3L96,0.855,0.571,57
2025-11-23 21:17:58,UKO6BH3L96,0.852,0.671,58
2025-11-23 21:17:59,UKOGBN3L96,0.838,0.546,59
2025-11-23 21:17:59,UKO6BN3L96,0.854,0.654,61
2025-11-23 21:17:59,UKO6BN3L96,0.846,0.550,66
2025-11-23 21:18:00,UKOGBN3L96,0.862,0.791,71
2025-11-23 21:18:00,UKOGBN3L96,0.857,0.505,72
2025-11-23 21:18:00,UKOGBN3L96,0.874,0.572,75
2025-11-23 21:18:01,UKO6BN3L96,0.875,0.508,76
2025-11-23 21:18:01,UKO6BN3L96,0.872,0.646,77
2025-11-23 21:18:01,UKO6BN3L96,0.874,0.580,78
2025-11-23 21:18:01,UKO6BN3L96,0.868,0.765,79
2025-11-23 21:18:01,UKOGBN3L96,0.847,0.647,80
2025-11-23 21:18:01,UKO6BN3L96,0.840,0.669,81
2025-11-23 21:18:01,UKO6BN3L96,0.840,0.673,82
2025-11-23 21:18:01,~UKO6BN3L96],0.836,0.510,83
2025-11-23 21:18:02,UKOGBN3L96,0.832,0.677,85
2025-11-23 21:18:02,UKO6BN3L96,0.844,0.797,86
2025-11-23 21:18:02,UKOGBN3L96,0.855,0.531,87
2025-11-23 21:18:02,UKOGBN3L96,0.850,0.565,88
2025-11-23 21:18:02,UKO6BN3L96,0.839,0.623,89
2025-11-23 21:18:02,UKO6BN3L96,0.822,0.626,90
2025-11-23 21:18:03,UKOGBN3L96,0.828,0.581,92
2025-11-23 21:18:03,UKO6BN3L96,0.816,0.610,93
2025-11-23 21:18:03,UKO6BN3L96,0.812,0.696,94
2025-11-23 21:18:03,UKO6BN3L96,0.801,0.853,95
2025-11-23 21:18:03,UKO6BN3L96,0.811,0.897,96
2025-11-23 21:18:03,UKO6BN3L96,0.787,0.707,97
2025-11-23 21:18:03,UKOGBN3L96,0.795,0.616,98
2025-11-23 21:18:03,UKO6BN3L96,0.806,0.580,99
2025-11-23 21:18:04,UKO6BH3L96,0.821,0.537,100
2025-11-23 21:18:04,UKO6BN3L96,0.803,0.645,101
2025-11-23 21:18:04,UKO6BN3L96,0.832,0.602,102
2025-11-23 21:18:04,UKO6BN3L96,0.841,0.845,103
2025-11-23 21:18:04,UKO6BN3L96,0.856,0.687,104
2025-11-23 21:18:04,UKO6BN3L96,0.816,0.876,107
2025-11-23 21:18:05,UKO6BN3L96,0.827,0.824,108
2025-11-23 21:18:05,UKO6BN3496,0.827,0.559,109
2025-11-23 21:18:05,UKO6BN3L96,0.850,0.787,110
2025-11-23 21:18:05,UKO6BN3L96,0.853,0.689,111
2025-11-23 21:18:05,UKO6BN3L96,0.860,0.510,112
2025-11-23 21:18:05,UKOGBN3L96],0.877,0.683,115
2025-11-23 21:18:05,UKO6BN3L96,0.880,0.774,116
2025-11-23 21:18:05,UKO6BN3L96,0.873,0.768,117
2025-11-23 21:18:06,UKOSBN3L96,0.883,0.502,118
2025-11-23 21:18:06,UKO6BN3L96,0.875,0.807,119
2025-11-23 21:18:06,UKO6BN3L96,0.873,0.501,120
2025-11-23 21:18:06,UKO6BN3496,0.854,0.560,121
2025-11-23 21:18:06,UKO6BN3L96,0.846,0.696,122
2025-11-23 21:18:06,UKO6BN3L96,0.860,0.555,123
2025-11-23 21:18:06,UKO6BN3L96,0.866,0.650,124
2025-11-23 21:18:06,UKO6BN3L96,0.875,0.762,125
2025-11-23 21:18:06,UKO6BN3L96,0.876,0.613,126
2025-11-23 21:18:07,UKO6BN3L96,0.882,0.792,127
2025-11-23 21:18:07,UKO6BN3L96,0.881,0.647,128
2025-11-23 21:18:07,UKO6BN3L96,0.867,0.567,129
2025-11-23 21:18:07,UKO6BN3L96,0.869,0.564,130
2025-11-23 21:18:07,UKO6BN3L96,0.887,0.686,132
2025-11-23 21:18:08,UKO6BN3L96,0.861,0.767,138
2025-11-23 21:18:08,UKOGBN3L96,0.855,0.757,140
2025-11-23 21:18:08,UKOGBN3L96,0.889,0.565,141
2025-11-23 21:18:09,UKO6BN3L96,0.916,0.626,145
2025-11-23 21:18:09,UKOGBN3L96,0.899,0.557,146
2025-11-23 21:18:09,UKO6BN3L96,0.901,0.514,147
2025-11-23 21:18:09,UKO6BN3L96,0.896,0.560,148
2025-11-23 21:18:09,UKO6BN3L96,0.918,0.646,149
2025-11-23 21:18:09,UKO6BN3L96,0.900,0.846,150
2025-11-23 21:18:09,UKO6BN3L96,0.900,0.663,151
2025-11-23 21:18:10,UKO6BN3496,0.891,0.719,152
2025-11-23 21:18:10,UKO6BN3L96,0.902,0.602,154
2025-11-23 21:18:10,UKO6BN3L96,0.908,0.877,157
2025-11-23 21:18:46,58,0.436,1.000,488
2025-11-23 21:18:47,61,0.425,0.986,498
2025-11-23 21:18:47,61,0.411,1.000,502
2025-11-23 21:18:47,63,0.579,1.000,503
2025-11-23 21:18:47,63,0.414,1.000,508
2025-11-23 21:18:47,65,0.448,0.940,509
2025-11-23 21:18:48,71,0.412,1.000,533
2025-11-23 21:18:48,71,0.403,0.982,534
2025-11-23 21:18:48,73,0.438,1.000,535
2025-11-23 21:18:48,73,0.475,1.000,537
